State_Year,Population_18_24,Population_35_39,Population_45_49,Population_55_59,Population_75_79,Population_85_Over,Median_Income,White_Pop,Minority_Pop,Hispanic_Pop,Population_Density,Pres_Label
AL_2020,0.120061869,0.079311123,0.081266772,0.087336597,0.038372759,0.023320687,-1.16690987,0.68955449,0.306591051,0.03354837,0.071991411,0
AK_2020,0.126790227,0.093287767,0.079179092,0.08873058,0.023358519,0.012428856,1.137932343,0.6458923,0.320030851,0.05746788,0.000255079,0
AZ_2020,0.124378548,0.081797023,0.077600738,0.078782434,0.043479361,0.025365806,-0.21901991,0.756655215,0.239499575,0.275704821,0.048022594,1
AR_2020,0.122266777,0.082100318,0.07890202,0.084751202,0.040895766,0.025821542,-1.416158661,0.773018322,0.224694581,0.061681451,0.042885829,0
CA_2020,0.122550666,0.089181807,0.083489589,0.081788007,0.031314293,0.025164842,1.407390495,0.572391271,0.422972175,0.353196488,0.185254398,1
CO_2020,0.118651934,0.092653576,0.082066339,0.083660819,0.029614123,0.021109403,0.936459192,0.824640214,0.167233972,0.186918352,0.041983013,1
CT_2020,0.121962705,0.075473242,0.082533647,0.094238906,0.036456535,0.033210287,1.116836606,0.761601642,0.235087558,0.142836684,0.511383737,1
DE_2020,0.109502379,0.07463797,0.075776191,0.090063552,0.044450877,0.024680669,0.373344837,0.695599839,0.299005072,0.075519469,0.306467694,1
DC_2020,0.128384549,0.107442623,0.067326358,0.063009831,0.026607585,0.019568486,2.201228393,0.437891326,0.556903144,0.098273042,1.0004232,1
FL_2020,0.102758774,0.076693753,0.078616061,0.086310526,0.048586618,0.03400351,-0.478550657,0.735033419,0.261013746,0.245018844,0.258242411,0
GA_2020,0.126676623,0.088269206,0.088483404,0.084805333,0.032129258,0.018377248,-0.383176653,0.587601708,0.405768627,0.080187087,0.134370189,1
HI_2020,0.108607146,0.084228597,0.076292664,0.081100206,0.038402186,0.036078034,1.751038277,0.237413303,0.723486729,0.078067536,0.101777298,1
ID_2020,0.125537404,0.089129457,0.077610632,0.082923783,0.037500506,0.022090155,-0.40063825,0.892322234,0.104203871,0.106990622,0.015110793,0
IL_2020,0.119061254,0.085166607,0.082373305,0.087623625,0.034553016,0.027459222,0.365190182,0.714615884,0.283544901,0.150986271,0.1698577,1
IN_2020,0.128699853,0.083135969,0.081129874,0.088064488,0.035148111,0.026627428,-0.560983578,0.840321077,0.158933686,0.058121922,0.140306631,0
IA_2020,0.130768888,0.083959936,0.074838821,0.087803796,0.037492505,0.032771511,-0.4219999,0.906682321,0.092421549,0.049036888,0.042496994,0
KS_2020,0.133531553,0.085106952,0.075279825,0.086160587,0.034839283,0.030236372,-0.346480707,0.839898724,0.151984436,0.098064167,0.02626845,0
KY_2020,0.121540685,0.080519741,0.082064468,0.088538366,0.037401142,0.022692659,-1.156627914,0.874253003,0.121644323,0.029425073,0.084994135,0
LA_2020,0.11985707,0.088538254,0.076970175,0.085868827,0.035771225,0.022345872,-1.364394331,0.630073195,0.364559916,0.046203635,0.067592569,0
ME_2020,0.098611929,0.071356085,0.078366172,0.097890734,0.042446814,0.031582096,-0.707146898,0.94491576,0.053260149,0.014326637,0.030257387,1
MD_2020,0.113301275,0.086821232,0.084084935,0.090837534,0.034177529,0.025077403,1.902697125,0.558052,0.435117689,0.086802496,0.378396853,1
MA_2020,0.126238039,0.078370244,0.079899903,0.089102533,0.034204658,0.029943751,1.787379672,0.784394686,0.214591166,0.104582752,0.522119712,1
MI_2020,0.122689751,0.0764639,0.080035519,0.091015347,0.037158941,0.028268296,-0.511523825,0.792496912,0.206922325,0.042983335,0.080278786,1
MN_2020,0.115893438,0.087657834,0.077920064,0.091713049,0.034897493,0.028484855,0.741545219,0.844764399,0.154401353,0.044309749,0.048943539,1
MS_2020,0.128154491,0.085312497,0.080224601,0.085318652,0.037623087,0.022720778,-1.751031325,0.596401411,0.397786174,0.026186421,0.046434317,0
MO_2020,0.119699996,0.082193175,0.077350125,0.089748915,0.03880763,0.027408263,-0.736663202,0.826487538,0.169618885,0.034625944,0.0675572,0
MT_2020,0.118144412,0.079804013,0.070750052,0.089082433,0.042931597,0.025548663,-0.832569031,0.89348062,0.102864427,0.032012349,0.005093785,0
NE_2020,0.13058604,0.088635992,0.074881119,0.083801389,0.034535933,0.02967372,-0.211662993,0.869726649,0.126216675,0.088961796,0.018170883,1
NV_2020,0.106262336,0.0880228,0.085051529,0.083985696,0.037243551,0.019358724,-0.222919962,0.641960279,0.354031214,0.253080117,0.020631123,1
NH_2020,0.115124832,0.070923078,0.081024097,0.10172818,0.037328032,0.027254347,1.266811341,0.927335713,0.070564084,0.032693007,0.116933335,1
NJ_2020,0.109992477,0.08369849,0.086413593,0.092405689,0.036258406,0.029464373,1.770272625,0.6711413,0.327318877,0.18635625,0.794894388,1
NM_2020,0.122876212,0.08285928,0.073125566,0.084921791,0.038839416,0.025892944,-1.315200491,0.70969969,0.283462044,0.454696334,0.01270604,1
NY_2020,0.116199433,0.081628653,0.079854273,0.087022436,0.035731447,0.030108639,0.55230405,0.637604365,0.360873202,0.176290123,0.282790656,1
NC_2020,0.122189621,0.08073541,0.085209207,0.085574839,0.036722393,0.023533418,-0.665398612,0.688178471,0.299654122,0.073382199,0.149791469,0
ND_2020,0.145681832,0.083480292,0.067268809,0.082511827,0.033671323,0.030537549,-0.251195341,0.868499996,0.118971779,0.030542701,0.007667806,0
OH_2020,0.11741959,0.078584346,0.079946047,0.090983029,0.038032054,0.028701769,-0.599452275,0.822701672,0.17623262,0.03232141,0.202214716,0
OK_2020,0.127395779,0.086491955,0.077082913,0.084846434,0.037601755,0.023282877,-1.117804667,0.736080057,0.257509592,0.086467565,0.042283584,0
OR_2020,0.110127007,0.087582156,0.079302384,0.080014323,0.037021458,0.026598615,0.062847499,0.841573519,0.157323216,0.108225379,0.033093842,1
PA_2020,0.11387585,0.075764815,0.078350543,0.090754805,0.039394191,0.033293141,-0.197215073,0.812961525,0.186246088,0.062951003,0.219934173,1
RI_2020,0.13020881,0.077214397,0.077121712,0.088985328,0.036942397,0.030540128,0.602384266,0.809217766,0.18589694,0.133702663,0.551659874,1
SC_2020,0.11807592,0.079498618,0.079633444,0.085627551,0.040890434,0.021724055,-0.878128732,0.679653731,0.311417877,0.046408507,0.123934969,0
SD_2020,0.12559732,0.08583777,0.070537637,0.088358909,0.035526508,0.030755483,-0.529517248,0.862342504,0.133611317,0.031939951,0.008035888,0
TN_2020,0.116733829,0.082161843,0.083227876,0.086149969,0.037675486,0.022962447,-0.90064267,0.782600148,0.213751938,0.04304991,0.124461295,0
TX_2020,0.131933484,0.094188471,0.086048106,0.080106013,0.029091143,0.019154595,-0.09528189,0.699238777,0.296301772,0.359783071,0.078631254,0
UT_2020,0.159735033,0.103460495,0.077517347,0.068772345,0.026892929,0.016296933,0.945057034,0.86059892,0.137216404,0.126459412,0.025640981,0
VT_2020,0.130957249,0.071227502,0.074620411,0.092764415,0.041037294,0.027192417,0.052654181,0.941793721,0.056726059,0.018250155,0.052377401,1
VA_2020,0.121795077,0.086793366,0.083336082,0.087245573,0.034987858,0.022351655,1.06640184,0.667921342,0.313075414,0.080443341,0.154826253,1
WA_2020,0.112515011,0.090404397,0.080250609,0.082127382,0.032682903,0.023497371,1.169664586,0.751992833,0.238383675,0.10286387,0.08168062,1
WV_2020,0.109789913,0.073658534,0.08009172,0.087517135,0.045365824,0.028028531,-1.588470058,0.931414934,0.067264176,0.013760835,0.059003406,0
WI_2020,0.121459966,0.082024792,0.077430794,0.094813988,0.035373757,0.029393155,-0.19694916,0.866174431,0.133090238,0.055188417,0.068696524,1
WY_2020,0.120320772,0.086738716,0.073936061,0.088071159,0.038136998,0.02238953,0.014274122,0.909485654,0.082992198,0.085327893,0.003992093,0
AL_2016,0.122897734,0.080206962,0.084087966,0.090556127,0.036222611,0.023286021,-1.226194212,0.697725689,0.299899158,0.031719689,0.071209687,0
AK_2016,0.136545388,0.088353747,0.078981747,0.097723943,0.020081053,0.012049715,1.85911201,0.658071757,0.314281384,0.057060216,0.000255941,0
AZ_2016,0.12696321,0.083769613,0.079842956,0.078534071,0.040576015,0.023560316,-0.484521136,0.779788475,0.217853039,0.269454965,0.04592317,0
AR_2016,0.127129731,0.081258188,0.081258188,0.085190135,0.038008088,0.024901745,-1.422987834,0.786682783,0.211811981,0.056619157,0.042339955,0
CA_2016,0.127770508,0.088657107,0.087353327,0.082138207,0.029986973,0.023468073,0.987449662,0.608489146,0.389129969,0.349808363,0.183513997,1
CO_2016,0.124352338,0.09196887,0.084196922,0.086787571,0.028497377,0.018134779,0.780935282,0.848835692,0.143672209,0.183188203,0.040554134,1
CT_2016,0.12674271,0.072243267,0.088719826,0.093789591,0.032953119,0.031685855,1.573280389,0.78447403,0.213577586,0.136398865,0.509011167,1
DE_2016,0.114502654,0.067429964,0.080152927,0.092874553,0.040713213,0.024173762,0.408030498,0.712501938,0.283445048,0.073909709,0.300378841,1
DC_2016,0.143378005,0.100851039,0.07047336,0.063183074,0.023087392,0.018226607,1.647013365,0.4319606,0.561708785,0.096921384,1.0004232,1
FL_2016,0.107769395,0.07518798,0.080200524,0.086466173,0.045112776,0.032581476,-0.755875033,0.774505732,0.222820627,0.234248559,0.249812999,0
GA_2016,0.129629587,0.089947102,0.089947102,0.084656036,0.029100609,0.017195773,-0.485865496,0.60425551,0.390187729,0.076997319,0.130721323,0
HI_2016,0.11607095,0.081632434,0.077805635,0.081632434,0.034439409,0.034439409,1.705544732,0.24733749,0.719152568,0.077352955,0.101975905,1
ID_2016,0.12820484,0.087719439,0.079622198,0.085019824,0.033738369,0.022942315,-0.674179309,0.908438401,0.088656727,0.102476317,0.014361512,0
IL_2016,0.123216602,0.084306139,0.0856031,0.086900163,0.031128391,0.025940343,0.290657528,0.729943375,0.269143757,0.147557754,0.170017787,1
IN_2016,0.131233537,0.082677172,0.082677172,0.089238789,0.034120807,0.024934542,-0.607788607,0.853323663,0.146212187,0.054968014,0.138341844,0
IA_2016,0.132812201,0.082031127,0.078124922,0.088541745,0.036458463,0.032552259,-0.187417574,0.917566373,0.08189156,0.044961229,0.042246677,0
KS_2016,0.136423524,0.084768179,0.076821062,0.088741737,0.034437201,0.029139275,-0.345224756,0.855344167,0.136627624,0.09383693,0.026126874,0
KY_2016,0.125484942,0.081500617,0.085381612,0.089262608,0.034928961,0.021992309,-1.195067107,0.88074955,0.113638444,0.026185277,0.084386147,0
LA_2016,0.126149638,0.086727876,0.078843524,0.088042028,0.032851562,0.021025033,-1.32288472,0.638884032,0.357014365,0.044094833,0.067510315,0
ME_2016,0.102722333,0.068069475,0.084158269,0.101485162,0.037129058,0.032178517,-0.541914967,0.953762727,0.045170202,0.013384865,0.029860834,0
MD_2016,0.116966494,0.086118148,0.088688861,0.089974325,0.03213381,0.02313642,2.132430741,0.577340379,0.414320025,0.082961638,0.377101345,1
MA_2016,0.130325867,0.075187944,0.085212954,0.08897247,0.032581559,0.028822042,1.762214677,0.802230396,0.196207369,0.098224642,0.514984663,1
MI_2016,0.125802286,0.075738103,0.083440305,0.093709821,0.034659908,0.026957707,-0.592586998,0.802329202,0.19756025,0.040338488,0.07947156,0
MN_2016,0.119791627,0.085937441,0.082031162,0.092447907,0.03125,0.028645814,0.766974621,0.857960507,0.139595945,0.041529459,0.048234792,1
MS_2016,0.136242993,0.083333149,0.080687856,0.085978885,0.034391465,0.022486983,-1.693204196,0.604840484,0.392829782,0.023736825,0.046121628,0
MO_2016,0.124352332,0.081606218,0.080310881,0.091968912,0.034974093,0.027202073,-0.667354097,0.835267728,0.160039679,0.032066867,0.066969282,0
MT_2016,0.124199382,0.076824917,0.075543929,0.096029918,0.038412459,0.026888475,-0.817095119,0.905072984,0.090775778,0.028013485,0.004965113,0
NE_2016,0.131648675,0.085106383,0.075797785,0.086436083,0.031914894,0.029255493,-0.122784881,0.891163317,0.104095922,0.084229911,0.017982389,0
NV_2016,0.111833288,0.08712598,0.08712598,0.083224896,0.03381028,0.01690514,-0.306651965,0.688224653,0.309607636,0.247176579,0.019890068,1
NH_2016,0.118159116,0.073382844,0.087064612,0.103233381,0.033582437,0.027363536,1.325711323,0.941575505,0.057613821,0.029592426,0.114327992,1
NJ_2016,0.113110513,0.086118234,0.089974213,0.092544913,0.0334191,0.0282777,1.866144047,0.695744169,0.303114543,0.181571836,0.797974391,1
NM_2016,0.125490112,0.081045514,0.074509636,0.08758202,0.03790872,0.024836964,-1.170868627,0.74803484,0.24586082,0.448037729,0.012528339,1
NY_2016,0.122940438,0.08238274,0.08491762,0.086185028,0.031685714,0.027883425,0.468836936,0.649460172,0.348272166,0.174422108,0.28527381,1
NC_2016,0.124352255,0.082901546,0.088082868,0.085492271,0.034974151,0.020725418,-0.782969058,0.703502649,0.288799984,0.07149873,0.145117384,0
ND_2016,0.151947035,0.079221289,0.067532396,0.08701217,0.033766198,0.031168667,0.385900264,0.881430219,0.106723255,0.025958182,0.007685732,0
OH_2016,0.119845308,0.078608218,0.082474181,0.094072182,0.03608251,0.028350583,-0.60075657,0.832027592,0.166163084,0.029558759,0.200684453,0
OK_2016,0.131473878,0.082337152,0.078353331,0.087649478,0.034528592,0.022576452,-0.926815579,0.75061382,0.246716986,0.081680854,0.041731923,0
OR_2016,0.114212976,0.08756353,0.079949269,0.082487356,0.035533215,0.027918955,-0.081419957,0.860245569,0.138787807,0.103070443,0.032243095,1
PA_2016,0.117424258,0.075757567,0.082070681,0.093434306,0.03661618,0.032828272,-0.13126469,0.825883343,0.171981767,0.058037272,0.219495358,0
RI_2016,0.134663186,0.071072466,0.082294497,0.093515347,0.031172176,0.032419724,0.194380669,0.823517401,0.173111741,0.124672179,0.548360782,1
SC_2016,0.122107883,0.082262131,0.080976817,0.086118071,0.035989812,0.023136419,-0.887208665,0.687401208,0.304487405,0.043749882,0.120084992,0
SD_2016,0.131298674,0.080901621,0.072943708,0.092837725,0.034482759,0.031830121,-0.33509035,0.873690921,0.12190947,0.028250362,0.007892701,0
TN_2016,0.120466315,0.082901535,0.085492129,0.086787426,0.036269483,0.02072553,-0.99899737,0.794895155,0.203703018,0.039917191,0.121381906,0
TX_2016,0.135685192,0.09226594,0.086838552,0.081411115,0.02849391,0.017639085,-0.163736155,0.749583523,0.247827645,0.354048181,0.075950868,0
UT_2016,0.162123097,0.106169403,0.076040165,0.071735854,0.025824926,0.017216774,0.802962104,0.873529239,0.125150879,0.122116137,0.024497689,0
VT_2016,0.130862753,0.0679011,0.080246755,0.097529881,0.037036964,0.028395401,-0.052257687,0.950921773,0.048070176,0.017298938,0.052087906,1
VA_2016,0.125963993,0.084832912,0.086118287,0.087403509,0.032133762,0.021850915,1.030055533,0.682629897,0.300010513,0.076977181,0.152571117,1
WA_2016,0.117117117,0.088803089,0.083655084,0.086229086,0.030888031,0.023166023,0.920128249,0.772641722,0.218647533,0.098898844,0.078925754,1
WV_2016,0.112090619,0.07430752,0.080604359,0.093198726,0.041561891,0.028967525,-1.550288386,0.937535766,0.06210864,0.011947831,0.059486556,0
WI_2016,0.124678536,0.079691413,0.080976823,0.095115665,0.034704511,0.028277684,-0.140468386,0.876465187,0.122341488,0.052982289,0.068133912,0
WY_2016,0.121371824,0.08179479,0.075197491,0.088389835,0.032981988,0.022428112,0.363976855,0.931300668,0.065166352,0.082056158,0.003964154,0
AL_2012,0.131853706,0.079634467,0.087467312,0.087467312,0.0339426,0.022193332,-1.217913797,0.707107037,0.292892963,0.03091743,0.069955858,0
AK_2012,0.142663041,0.078805398,0.107336483,0.096466773,0.016304565,0.008152283,1.7177061,0.704911731,0.295088269,0.050280021,0.000243097,0
AZ_2012,0.132885749,0.087248234,0.088590569,0.079194641,0.033557126,0.021476527,-0.488401698,0.83217691,0.16782309,0.265391441,0.04269782,0
AR_2012,0.126648747,0.081794114,0.091028983,0.084432648,0.03693948,0.022427541,-1.389972988,0.80497388,0.19502612,0.053130363,0.04155608,0
CA_2012,0.140957433,0.08909576,0.093085095,0.079787229,0.026595767,0.022606396,0.75292458,0.642146507,0.357853493,0.342815244,0.175984436,1
CO_2012,0.128947357,0.088157884,0.092105145,0.088157884,0.025000174,0.019736817,0.582870192,0.867736687,0.132263313,0.180610439,0.037434965,1
CT_2012,0.11969088,0.074646226,0.102959978,0.088802922,0.03217506,0.03217506,1.808747701,0.804033977,0.195966023,0.123312092,0.50580428,1
DE_2012,0.130490452,0.074935055,0.095606499,0.081395415,0.034883953,0.023256443,0.753396298,0.730644555,0.269355445,0.070740663,0.285265294,1
DC_2012,0.164053076,0.085645356,0.07358263,0.068757539,0.024125452,0.020506634,1.567699733,0.429921026,0.570078974,0.093285082,1.0004232,1
FL_2012,0.118686811,0.074494913,0.090909109,0.083333306,0.040404063,0.03030308,-0.817425098,0.793907225,0.206092775,0.220473591,0.232907228,1
GA_2012,0.139410089,0.092493287,0.097855235,0.080428939,0.025469148,0.016085843,-0.567532415,0.629316951,0.370683049,0.076525033,0.1247468,0
HI_2012,0.121950468,0.078305558,0.086007821,0.086007821,0.032092916,0.03080905,1.668529485,0.256345566,0.743654434,0.073663099,0.099119134,1
ID_2012,0.137173465,0.083676341,0.086419828,0.087791571,0.031550096,0.020576149,-0.783225534,0.933219036,0.066780964,0.096052322,0.013451845,0
IL_2012,0.127631588,0.085526279,0.093421056,0.084210517,0.030263143,0.024999992,0.376021789,0.74713094,0.25286906,0.139210786,0.168997272,1
IN_2012,0.135278494,0.082228156,0.091511869,0.087533047,0.030504092,0.023872723,-0.587698366,0.866335746,0.133664254,0.051316231,0.135618527,0
IA_2012,0.133507664,0.074607274,0.089005394,0.087696202,0.03534049,0.032722534,-0.110909258,0.935049886,0.064950114,0.0401742,0.04120133,1
KS_2012,0.137516548,0.078771931,0.08945239,0.088117391,0.033377771,0.028037309,-0.211974869,0.86901151,0.13098849,0.087799334,0.025790019,0
KY_2012,0.126797273,0.082352948,0.09411757,0.086274489,0.031372623,0.022222462,-1.205295337,0.892790086,0.107209914,0.025022408,0.082543481,0
LA_2012,0.140397185,0.080794544,0.09139064,0.086092736,0.03046374,0.019867644,-1.054227603,0.653633113,0.346366887,0.04217014,0.066086309,0
ME_2012,0.109159114,0.07402789,0.097866564,0.096612046,0.037641204,0.027604116,-0.59925546,0.964238683,0.035761317,0.01103749,0.029507683,1
MD_2012,0.1263021,0.080729058,0.100260426,0.085937572,0.028645932,0.023437641,2.267965307,0.605026928,0.394973072,0.07663691,0.365024058,1
MA_2012,0.13071062,0.077411112,0.097715733,0.087563326,0.031725957,0.029187904,1.585035374,0.825869883,0.174130117,0.08783707,0.49803584,1
MI_2012,0.131510304,0.078125027,0.095052037,0.092447922,0.032552094,0.026041676,-0.606685021,0.813935258,0.186064742,0.03713395,0.078290871,1
MN_2012,0.124835615,0.076215413,0.095926312,0.088042002,0.031537489,0.026281363,0.812596925,0.88567516,0.11432484,0.038288655,0.046617998,1
MS_2012,0.14037406,0.084224705,0.089572263,0.08556137,0.030748681,0.020053565,-1.740459563,0.617564801,0.382435199,0.022984084,0.045630366,0
MO_2012,0.128272171,0.079842811,0.091623073,0.087696391,0.032722635,0.026178021,-0.780395225,0.845143465,0.154856535,0.03004068,0.065663301,0
MT_2012,0.12724873,0.071979964,0.086118426,0.102827048,0.032133453,0.025706762,-0.81459479,0.913940806,0.086059194,0.026170318,0.004759521,0
NE_2012,0.135026188,0.07754028,0.089571741,0.086898164,0.034759411,0.028075104,-0.138150981,0.90499404,0.09500596,0.076507125,0.017432284,0
NV_2012,0.121532179,0.091149377,0.09247022,0.080581171,0.029062443,0.017173394,-0.239216592,0.728376216,0.271623784,0.234699337,0.018379378,1
NH_2012,0.119441039,0.077509292,0.105464111,0.094028093,0.030495728,0.024142491,1.323113879,0.95519479,0.04480521,0.02415695,0.111419532,1
NJ_2012,0.114583286,0.083333272,0.101562545,0.085937538,0.031250014,0.027343836,2.095316469,0.711818598,0.288181402,0.171401103,0.783722033,1
NM_2012,0.134486922,0.078562028,0.087882524,0.09054598,0.03195763,0.021305087,-1.074275624,0.739870875,0.260129125,0.432340554,0.01233363,1
NY_2012,0.130601774,0.080665803,0.094750291,0.084507057,0.030729833,0.026888645,0.521193045,0.671597995,0.328402005,0.167899548,0.279867304,1
NC_2012,0.13106156,0.085190062,0.094364253,0.085190062,0.031454796,0.019659349,-0.795136416,0.72156505,0.27843495,0.068147896,0.138180106,0
ND_2012,0.15917746,0.069320125,0.082156351,0.087291592,0.02952576,0.03209338,0.311514333,0.926736475,0.073263525,0.018251128,0.007148914,0
OH_2012,0.125326358,0.07832903,0.092689281,0.090078306,0.033942565,0.026109752,-0.597250658,0.84715471,0.15284529,0.0260972,0.19740649,1
OK_2012,0.135278297,0.082228121,0.087533139,0.08488063,0.033156534,0.02122042,-0.896437886,0.765194734,0.234805266,0.07501916,0.040668541,0
OR_2012,0.121133806,0.081185661,0.085051438,0.090206252,0.030927887,0.025773405,-0.33580088,0.880125941,0.119874059,0.097005894,0.030329645,1
PA_2012,0.126436731,0.075351239,0.093231136,0.090676836,0.035759895,0.031928545,-0.084021325,0.840524747,0.159475253,0.05021064,0.217197276,1
RI_2012,0.144120646,0.075853668,0.093552336,0.087230696,0.032869642,0.031605795,0.243468992,0.837132089,0.162867911,0.109886146,0.539728201,1
SC_2012,0.135240326,0.080624233,0.089726776,0.085825806,0.032509758,0.019505966,-1.019792179,0.69412909,0.30587091,0.043132449,0.113425084,0
SD_2012,0.136242524,0.074073777,0.089946614,0.084656204,0.034392486,0.033069883,-0.412573007,0.887594821,0.112405179,0.02415355,0.007589361,0
TN_2012,0.126631786,0.082245442,0.093994732,0.086161872,0.032637054,0.022193376,-1.084299635,0.805467793,0.194532207,0.038307621,0.117500438,0
TX_2012,0.141289434,0.094650173,0.093278468,0.078189283,0.026063094,0.017832649,-0.140391642,0.770806026,0.229193974,0.348891151,0.070609117,0
UT_2012,0.168849635,0.094614242,0.077146878,0.072780425,0.024745303,0.017467364,0.604923015,0.904176212,0.095823788,0.118730231,0.022618169,0
VT_2012,0.131085859,0.068663831,0.094880605,0.101122409,0.033708134,0.023721646,0.089924738,0.957682481,0.042317519,0.013996229,0.051751254,1
VA_2012,0.132124273,0.08290152,0.097150267,0.08290152,0.028497493,0.02072542,1.160960769,0.705744502,0.294255498,0.072664879,0.147691286,1
WA_2012,0.127438144,0.084525366,0.091027273,0.087126128,0.027308201,0.023407057,0.664713289,0.808135666,0.191864334,0.093246489,0.074079622,1
WV_2012,0.118537222,0.076923286,0.087011575,0.095838403,0.037830913,0.025221062,-1.385609595,0.942595374,0.057404626,0.009995854,0.060130617,0
WI_2012,0.126137715,0.076723027,0.096228723,0.089726748,0.032509873,0.027308339,-0.103125909,0.892114668,0.107885332,0.049171766,0.066636736,1
WY_2012,0.132543701,0.078739976,0.085302025,0.102361968,0.032807938,0.017062253,0.373427339,0.932210632,0.067789368,0.083828394,0.003911338,0
AL_2008,0.13260486,0.089126488,0.09886038,0.085708736,0.034604029,0.020613849,-1.133292668,0.738213711,0.261786289,0.027890912,0.067781879,0
AK_2008,0.178226215,0.097637885,0.096087543,0.106935729,0.023246715,0.012398528,1.816016494,0.794143199,0.205856801,0.047496839,0.000181886,0
AZ_2008,0.154473709,0.095773842,0.092684363,0.094228988,0.044797557,0.027805309,-0.129411997,0.876729499,0.123270501,0.244947728,0.040245521,0
AR_2008,0.138022996,0.090137389,0.085912258,0.091545608,0.039435345,0.026759953,-1.582136857,0.825338155,0.174661845,0.044845545,0.040223677,0
CA_2008,0.150945746,0.096722505,0.096722505,0.090860535,0.032240835,0.024913391,1.063374154,0.642311285,0.357688715,0.303986748,0.166270748,1
CO_2008,0.145242976,0.103745062,0.094852691,0.097816907,0.031123712,0.022231065,0.606544686,0.877724439,0.122275561,0.167132016,0.034856369,1
CT_2008,0.130509404,0.079381955,0.098218541,0.099564118,0.034982018,0.032291237,1.930670798,0.86507791,0.13492209,0.107111247,0.490737617,1
DE_2008,0.139927298,0.084242365,0.092808221,0.105659295,0.04140698,0.025702147,0.749087875,0.800981571,0.199018429,0.061659514,0.271368312,1
DC_2008,0.167455842,0.109808202,0.07961053,0.075494181,0.028824861,0.02059008,0.76970658,0.526588575,0.473411425,0.121351063,1.0004232,1
FL_2008,0.127760696,0.083754255,0.093691191,0.095110733,0.049684751,0.03690866,-0.511632739,0.941204007,0.058795993,0.193041141,0.220091026,1
GA_2008,0.15283712,0.100393011,0.101891512,0.092901102,0.031466584,0.019479321,-0.150269069,0.696987833,0.303012167,0.066725422,0.117740972,0
HI_2008,0.13160065,0.084992207,0.08362191,0.089105029,0.032900645,0.037013467,1.740811852,0.242017224,0.757982776,0.068908842,0.099178011,1
ID_2008,0.147354079,0.094184707,0.086589481,0.092666034,0.037977989,0.024306211,-0.540355907,0.961065637,0.038934363,0.080801049,0.012742895,0
IL_2008,0.134255765,0.089047211,0.090417213,0.093157109,0.032878967,0.02602928,0.492843848,0.813152502,0.186847498,0.127695797,0.165296572,1
IN_2008,0.141841699,0.084826977,0.088998668,0.094561203,0.033374579,0.026421621,-0.486842619,0.907151741,0.092848259,0.043641703,0.131557355,1
IA_2008,0.140215365,0.081679041,0.0830403,0.093930809,0.039478261,0.032671967,-0.368016901,0.975846088,0.024153912,0.033913179,0.040094595,1
KS_2008,0.145040504,0.084489736,0.081673444,0.091530467,0.035204138,0.029571553,-0.228930026,0.877664398,0.122335602,0.078256847,0.024860433,0
KY_2008,0.128798035,0.082798758,0.08674174,0.091998554,0.034170926,0.023657001,-1.264036713,0.90243434,0.09756566,0.019909664,0.084994234,0
LA_2008,0.142151922,0.087799831,0.086406088,0.093374504,0.03344774,0.022298394,-1.008269419,0.659789967,0.340210033,0.037530359,0.062925945,0
ME_2008,0.110054503,0.072506232,0.089338853,0.104875834,0.038842937,0.031074934,-0.6764632,0.985300173,0.014699827,0.008247906,0.02907285,1
MD_2008,0.133004293,0.089141142,0.100460581,0.097630899,0.032543712,0.025469033,2.19144379,0.662687071,0.337312929,0.064161479,0.348637205,1
MA_2008,0.137723956,0.078131979,0.092698828,0.092698828,0.03310685,0.029133895,1.574312826,0.831774574,0.168225426,0.072220938,0.475948185,1
MI_2008,0.132785862,0.076253253,0.088085666,0.095974029,0.034182511,0.027609007,-0.415809391,0.831855537,0.168144463,0.031025706,0.077328672,1
MN_2008,0.129303495,0.087139368,0.09135591,0.099788735,0.033731559,0.029515018,0.622515244,0.929250596,0.070749404,0.033645539,0.045054009,1
MS_2008,0.146161389,0.089945687,0.085729145,0.094161759,0.036540699,0.023892014,-1.701558492,0.656858111,0.343141889,0.026800831,0.044565025,0
MO_2008,0.135759696,0.081732897,0.085888857,0.095585946,0.037403186,0.027706098,-0.625452761,0.884653652,0.115346348,0.026033296,0.063925439,0
MT_2008,0.140064842,0.081820781,0.079047447,0.108169478,0.040216718,0.027736042,-0.970965056,0.936061596,0.063938404,0.019219592,0.004542751,0
NE_2008,0.141078792,0.084647575,0.080414859,0.095933818,0.036681041,0.029626764,-0.281728214,0.946602542,0.053397458,0.065637468,0.016780691,1
NV_2008,0.145215095,0.105320696,0.106916404,0.10053357,0.03829869,0.020745335,0.516918868,0.845004376,0.154995624,0.217499172,0.01747671,1
NH_2008,0.129524126,0.074777209,0.097477469,0.105489385,0.03338315,0.028042208,1.327722643,0.984953379,0.015046621,0.018774311,0.108554114,1
NJ_2008,0.119845844,0.086181355,0.096953949,0.094260839,0.032318084,0.029624822,2.175354049,0.692222595,0.307777405,0.147657983,0.762437536,1
NM_2008,0.148734707,0.086884715,0.086884715,0.098665968,0.041234034,0.023562507,-0.998258024,0.78029039,0.21970961,0.427635848,0.011766026,1
NY_2008,0.133936536,0.084380052,0.091076869,0.091076869,0.033484151,0.029466034,0.46304803,0.720003459,0.279996541,0.178954519,0.271403868,1
NC_2008,0.146906128,0.092550844,0.098427107,0.098427107,0.036726643,0.024974117,-0.657989793,0.781113642,0.218886358,0.060257104,0.130564322,1
ND_2008,0.169707467,0.078119166,0.076773163,0.091588302,0.03367375,0.030979923,-0.726877722,0.911429732,0.088570268,0.037604297,0.006840888,0
OH_2008,0.126521898,0.078576765,0.086567621,0.097222056,0.037290697,0.027968052,-0.486723436,0.866504985,0.133495015,0.021487148,0.194730813,1
OK_2008,0.145784646,0.087185087,0.082897,0.092902045,0.037160966,0.024297441,-1.103496851,0.832513247,0.167486753,0.062819096,0.03886584,0
OR_2008,0.129052705,0.091178703,0.086970362,0.095387043,0.036471693,0.029458028,-0.230002676,0.955862422,0.044137578,0.083829035,0.028942973,1
PA_2008,0.126948032,0.075375346,0.088599183,0.097855755,0.038348953,0.033059438,-0.166001261,0.883445368,0.116554632,0.040689311,0.211827139,1
RI_2008,0.141728672,0.075333705,0.088101084,0.090655528,0.030644855,0.034474705,0.294046156,0.824447636,0.175552364,0.088479834,0.530511865,1
SC_2008,0.146183682,0.088289276,0.092631229,0.096973482,0.037631558,0.0246054,-0.881935154,0.724045321,0.275954679,0.03682858,0.107128187,0
SD_2008,0.146453521,0.078970531,0.080406052,0.099072885,0.035896461,0.034460939,-0.697320272,0.915580208,0.084419792,0.018407665,0.007191717,0
TN_2008,0.13479042,0.08845636,0.092668548,0.095476529,0.036505908,0.022465141,-1.011249001,0.830496981,0.169503019,0.031599979,0.112291594,0
TX_2008,0.160023666,0.106682483,0.098838174,0.094131589,0.031377235,0.020395203,-0.243827935,0.903164326,0.096835674,0.320092494,0.065154777,0
UT_2008,0.187827486,0.118016015,0.086433922,0.083109997,0.031582092,0.018284132,0.563161976,0.942040568,0.057959432,0.105614412,0.020910005,0
VT_2008,0.137364478,0.069979028,0.085530153,0.107559017,0.033693759,0.027213952,0.001927965,0.950132658,0.049867342,0.01355527,0.050344169,1
VA_2008,0.143589775,0.091897532,0.097641095,0.0947694,0.033025705,0.024410274,1.086376525,0.721922546,0.278077454,0.06281601,0.139545163,1
WA_2008,0.138369123,0.095128759,0.092246082,0.098011641,0.031709654,0.0259443,0.713452077,0.864140029,0.135859971,0.079595817,0.069651746,1
WV_2008,0.120734778,0.076115465,0.085302316,0.098425476,0.041995106,0.027559133,-1.73612164,0.937182025,0.062817975,0.009184723,0.059242606,0
WI_2008,0.132839131,0.08216853,0.090385525,0.098602283,0.035606426,0.030128588,0.000974498,0.925999706,0.074000294,0.042865335,0.065046652,1
WY_2008,0.146110948,0.098403543,0.083493064,0.10585623,0.031311494,0.02087518,0.314664861,0.999734562,0.000265438,0.077349702,0.003658808,0
AL_2004,0.13386139,0.089543745,0.099862032,0.079234835,0.035260351,0.019195648,-1.184418101,0.758605997,0.241394003,0.025346766,0.06465187,0
AK_2004,0.150649356,0.117406614,0.093269788,0.103835549,0.027822659,0.016179027,1.32059926,0.848483518,0.151516482,0.042019371,0.000135003,0
AZ_2004,0.17049926,0.111885602,0.10725498,0.106469936,0.060966564,0.032831118,-0.082336718,0.986521678,0.013478322,0.221733157,0.036036206,0
AR_2004,0.140752093,0.092731072,0.089809227,0.095830859,0.047521418,0.027458112,-1.477963142,0.871269661,0.128730339,0.037302536,0.03832588,0
CA_2004,0.147342632,0.108452448,0.10080369,0.097488595,0.038286591,0.028621448,0.947313631,0.603816478,0.396183522,0.447279621,0.159499183,1
CO_2004,0.156237696,0.120267249,0.1087544,0.107057639,0.039064819,0.025837473,0.982366264,0.847070865,0.152929135,0.153164607,0.032374417,0
CT_2004,0.131536247,0.081763472,0.089754172,0.099557015,0.0429717,0.03351279,2.064180248,0.911313547,0.088686453,0.091587333,0.477926321,1
DE_2004,0.136171168,0.09592428,0.093547126,0.110986583,0.058745729,0.030043861,0.889335578,0.84338402,0.15661598,0.053786327,0.252692746,1
DC_2004,0.161958825,0.136277137,0.084242754,0.079547857,0.034868668,0.023519791,0.33547074,0.414350503,0.585649497,0.127948874,1.0004232,1
FL_2004,0.134873022,0.100996154,0.103032523,0.110477229,0.063766832,0.042764199,-0.546825646,0.820919163,0.179080837,0.164526907,0.205394984,0
GA_2004,0.163396486,0.112322668,0.112230896,0.105130459,0.040877062,0.022478606,-0.25128709,0.773569755,0.226430245,0.058970766,0.108257008,0
HI_2004,0.120615137,0.094269524,0.084935378,0.085563008,0.041061717,0.039733083,1.190688552,0.253938556,0.746061444,0.096184145,0.094487993,1
ID_2004,0.166887544,0.112469737,0.10382164,0.113211724,0.05329775,0.030026232,-0.611781,0.991896769,0.008103231,0.066222889,0.011475644,0
IL_2004,0.127005855,0.091221378,0.087790749,0.092177502,0.038339349,0.027963864,0.584660079,0.853850326,0.146149674,0.117070241,0.16155083,1
IN_2004,0.142372238,0.094454936,0.09039309,0.097005781,0.04096392,0.027432307,-0.16191118,0.899606385,0.100393615,0.037092791,0.127011843,0
IA_2004,0.142484312,0.09381324,0.081510702,0.095742822,0.042548482,0.033884634,-0.220387612,0.985660333,0.014339667,0.027428647,0.039082406,0
KS_2004,0.146355443,0.092525592,0.083866329,0.094247024,0.03898306,0.031652708,-0.419905209,0.881442033,0.118557967,0.069217039,0.024079565,0
KY_2004,0.126893046,0.084617758,0.086024946,0.091797399,0.038372157,0.023693539,-1.187076121,0.908267674,0.091732326,0.016389778,0.082304502,0
LA_2004,0.132878011,0.096609064,0.084952035,0.092383783,0.039064906,0.022471131,-1.491087114,0.663971028,0.336028972,0.03366318,0.0637598,0
ME_2004,0.106555244,0.080132106,0.085,0.105298239,0.045885709,0.034876902,-0.482534796,0.954305723,0.045694277,0.005486389,0.028266702,1
MD_2004,0.131683917,0.100715549,0.098222739,0.102516129,0.041479561,0.026609016,2.130962991,0.705527461,0.294472539,0.053386001,0.335912889,1
MA_2004,0.141712818,0.087946717,0.08949098,0.098993656,0.039579786,0.031020255,1.572446619,0.838789272,0.161210728,0.058333713,0.466448634,1
MI_2004,0.129328375,0.080943789,0.084722776,0.094226718,0.041296699,0.027470131,0.036111281,0.830635395,0.169364605,0.026103838,0.077093642,1
MN_2004,0.133346724,0.102435224,0.089772296,0.106986163,0.041628789,0.030775194,1.164606734,0.959057547,0.040942453,0.02860042,0.043244007,1
MS_2004,0.144800838,0.095870773,0.085162595,0.091034776,0.042905224,0.022116685,-1.646913514,0.677420801,0.322579199,0.032192276,0.043348765,0
MO_2004,0.132626836,0.092062553,0.086848772,0.098330432,0.044382285,0.029247838,-0.549317539,0.909865196,0.090134804,0.022218327,0.061535096,0
MT_2004,0.137489376,0.099050889,0.085425662,0.102585676,0.052692943,0.029543866,-1.431613925,0.953472646,0.046527354,0.013482868,0.004237542,0
NE_2004,0.145233705,0.102066664,0.08556596,0.094944153,0.039358889,0.032418748,-0.336509844,0.953136857,0.046863143,0.054835688,0.016233239,0
NV_2004,0.152801809,0.126854181,0.124674617,0.11743522,0.052870712,0.027216889,0.504919491,0.864552953,0.135447047,0.189216998,0.015345993,0
NH_2004,0.133300038,0.08291053,0.09304736,0.116581897,0.043933575,0.032205487,1.525931276,0.941368669,0.058631331,0.012510657,0.104477731,1
NJ_2004,0.11859362,0.09020498,0.092702437,0.097973045,0.040119231,0.030218008,2.183957257,0.694147748,0.305852252,0.131706078,0.748318407,1
NM_2004,0.146328603,0.100455017,0.087546052,0.100507301,0.047090844,0.029996959,-1.05550415,0.742489346,0.257510654,0.410900527,0.010972461,0
NY_2004,0.124505743,0.087434685,0.085360234,0.091581793,0.039542232,0.029839,0.191273176,0.755893825,0.244106175,0.191073219,0.267266673,1
NC_2004,0.154111007,0.103842719,0.109065587,0.106095178,0.048162331,0.028027312,-0.552972316,0.859548838,0.140451162,0.052244022,0.119699149,0
ND_2004,0.157630694,0.093901185,0.075395642,0.092128901,0.035005852,0.03436291,-0.823758064,0.948091301,0.051908699,0.016917756,0.006741069,0
OH_2004,0.124955821,0.084125635,0.08535273,0.095151769,0.04241071,0.028941693,-0.136327741,0.867687555,0.132312445,0.017040262,0.191932159,0
OK_2004,0.144367605,0.099784712,0.087946177,0.097548828,0.041703506,0.027637464,-1.176610168,0.831090595,0.168909405,0.051753182,0.037222142,0
OR_2004,0.135782312,0.107026139,0.100048522,0.0992095,0.047829068,0.030212952,-0.269727101,0.946713177,0.053286823,0.070388731,0.027129584,1
PA_2004,0.122660875,0.081641232,0.084624521,0.096538195,0.043847712,0.03302784,-0.079346446,0.912760863,0.087239137,0.031351596,0.20659363,1
RI_2004,0.139136532,0.080931313,0.081844801,0.090374802,0.038368955,0.032662126,0.472691003,0.822309346,0.177690654,0.070332386,0.532973226,1
SC_2004,0.154838548,0.10063427,0.100549124,0.11099183,0.051932992,0.026932642,-0.787044169,0.735858234,0.264141766,0.031308418,0.098700834,0
SD_2004,0.148775852,0.097392279,0.082390659,0.103035187,0.041530821,0.038123352,-0.818442025,0.935350952,0.064649048,0.012634788,0.006857289,0
TN_2004,0.138953853,0.097161791,0.099916378,0.099792627,0.045456848,0.025436716,-0.871602418,0.848570583,0.151429417,0.02608103,0.105788626,0
TX_2004,0.176872177,0.127156269,0.115180732,0.106081462,0.039282864,0.023973175,-0.423061607,0.832305411,0.167694589,0.293433885,0.059744808,0
UT_2004,0.220117237,0.139947387,0.106662363,0.0938836,0.036434905,0.021719648,0.503756607,0.970562094,0.029437906,0.091918773,0.018824418,0
VT_2004,0.137888281,0.078283466,0.081519005,0.09988769,0.046344203,0.027916071,0.059202827,0.970132658,0.029867342,0.020007685,0.049106138,1
VA_2004,0.148760063,0.104246292,0.100167645,0.103426349,0.042496778,0.026686616,1.148160238,0.782634628,0.217365372,0.05389873,0.132048197,0
WA_2004,0.14277758,0.117071116,0.102630308,0.105800474,0.043802838,0.027761663,0.705433846,0.953642688,0.046357312,0.066490674,0.064849165,1
WV_2004,0.115069884,0.076020672,0.081816617,0.090625373,0.04597505,0.028598592,-1.694259489,0.957182025,0.042817975,0.007636199,0.058194013,0
WI_2004,0.134253884,0.09176548,0.085702027,0.102499858,0.04165616,0.030483425,0.324008031,0.953670961,0.046329039,0.037068313,0.062948685,1
WY_2004,0.136544513,0.104909028,0.088936196,0.100746813,0.046314584,0.024543813,-0.067551484,0.946332318,0.053667682,0.071905579,0.003356327,0
AL_2000,0.132892249,0.102430902,0.095814642,0.068579314,0.035831294,0.020432469,-1.116590564,0.779547026,0.220452974,0.022611174,0.062955229,0
AK_2000,0.157202879,0.126525179,0.090220982,0.09966186,0.038402679,0.013076567,1.67324576,0.906051692,0.093948308,0.035974305,8.41333E-05,0
AZ_2000,0.191389399,0.124900632,0.111540338,0.110521461,0.079103698,0.034455999,-0.184842685,0.888030939,0.111969061,0.193422621,0.032641997,0
AR_2000,0.14706214,0.095091268,0.088931068,0.09154534,0.052891957,0.027267657,-1.695680151,0.904972654,0.095027346,0.029273409,0.037023463,0
CA_2000,0.149285333,0.11259698,0.097868046,0.096030892,0.047197355,0.028999812,0.896451236,0.620843248,0.379156752,0.416375938,0.150561738,1
CO_2000,0.172042953,0.139368411,0.111219247,0.103547168,0.053072368,0.026741754,1.009497905,0.847070865,0.152929135,0.136512855,0.03038155,0
CT_2000,0.136866293,0.093120516,0.083356594,0.100038531,0.048462019,0.032000259,1.897142375,0.959140731,0.040859269,0.07534472,0.463979667,1
DE_2000,0.14718634,0.104666563,0.089511811,0.111286941,0.071480938,0.032250843,1.061374328,0.888008982,0.111991018,0.044787521,0.236736653,1
DC_2000,0.152689292,0.139985296,0.081401663,0.068959122,0.036248288,0.021023605,-0.156285305,0.527717504,0.472282496,0.121585173,1.0004232,1
FL_2000,0.150281497,0.115280234,0.106654629,0.119873157,0.082347305,0.044932687,-0.464164274,0.794367311,0.205632689,0.13122196,0.188129535,0
GA_2000,0.179373039,0.12206316,0.113004908,0.113747127,0.053042408,0.023946061,0.088902612,0.767771569,0.232228431,0.050027276,0.101236912,0
HI_2000,0.121643496,0.099827746,0.084845135,0.086768227,0.059622996,0.037771615,1.262965772,0.281233711,0.718766289,0.093028204,0.089902361,1
ID_2000,0.213558405,0.132808952,0.119723985,0.119069792,0.068304386,0.033468313,-0.608640958,0.951611663,0.048388337,0.048467483,0.010544415,0
IL_2000,0.128001144,0.093077615,0.082863272,0.087123259,0.043638507,0.026814846,0.81044114,0.895463919,0.104536081,0.106148935,0.158211077,1
IN_2000,0.151338106,0.098451109,0.087946169,0.092256568,0.049232573,0.026282625,-0.003359692,0.954943244,0.045056756,0.03014115,0.123362696,0
IA_2000,0.148617309,0.093785406,0.081564942,0.086504369,0.050174807,0.031155469,-0.183828813,0.952713263,0.047286737,0.020630369,0.038413886,1
KS_2000,0.15440473,0.102118369,0.081753299,0.086902206,0.045294024,0.029877775,-0.064360958,0.901696971,0.098303029,0.059711877,0.023492783,0
KY_2000,0.12676568,0.085243338,0.082356197,0.085200669,0.045480465,0.02357349,-1.078232427,0.9229277,0.0770723,0.012785342,0.080975367,0
LA_2000,0.134474022,0.099224873,0.078841211,0.081162978,0.045332692,0.021975686,-1.589561604,0.686015857,0.313984143,0.029668876,0.061581307,0
ME_2000,0.112882713,0.091148459,0.080948598,0.104520536,0.059740131,0.033995078,-0.666093675,0.954305723,0.045694277,0.002563084,0.027072093,1
MD_2000,0.135038737,0.10781476,0.09312391,0.103737284,0.04975384,0.029643034,1.894100761,0.750582923,0.249417077,0.041759143,0.318952999,1
MA_2000,0.144890979,0.096216585,0.083759025,0.098426861,0.048697623,0.030399227,1.307069181,0.866994776,0.133005224,0.043617535,0.459561986,1
MI_2000,0.129327331,0.08329456,0.076679628,0.088480666,0.045827252,0.027434722,0.62034024,0.834840661,0.165159339,0.021043027,0.075561452,1
MN_2000,0.14101148,0.110067505,0.087292374,0.096337833,0.050656895,0.03229578,1.290847237,0.910928784,0.089071216,0.023151691,0.04140363,1
MS_2000,0.145773796,0.089927377,0.084531832,0.08086385,0.045185271,0.024045282,-1.518928558,0.698479763,0.301520237,0.026683417,0.042195316,0
MO_2000,0.139220862,0.097909605,0.083070592,0.090256924,0.050451685,0.028671532,-0.189236128,0.943105255,0.056894745,0.018189751,0.059418701,0
MT_2000,0.154442309,0.113298879,0.09221633,0.097218462,0.063268588,0.030693403,-1.394053389,0.97024001,0.02975999,0.007114276,0.004016374,0
NE_2000,0.1538105,0.109231163,0.085670438,0.084555477,0.048456217,0.029962195,-0.186194513,0.920882429,0.079117571,0.04331067,0.015772029,0
NV_2000,0.177629947,0.149745352,0.129765369,0.133492501,0.073732019,0.028740256,0.535175036,0.972083141,0.027916859,0.153739332,0.013037033,0
NH_2000,0.128817626,0.096781891,0.08361138,0.112784573,0.05555435,0.032193017,1.402373099,0.941368669,0.058631331,0.005742439,0.098967568,0
NJ_2000,0.124839008,0.097846671,0.090828441,0.098854178,0.04917458,0.029408932,1.936345406,0.677213807,0.322786193,0.114879079,0.728779092,1
NM_2000,0.157237583,0.105585106,0.088486652,0.095278725,0.060331494,0.028740364,-1.190265224,0.855336662,0.144663338,0.391941977,0.010248487,1
NY_2000,0.12649691,0.091322901,0.08029021,0.091570891,0.046345072,0.030521106,0.03922291,0.792788786,0.207211214,0.171864959,0.261991413,1
NC_2000,0.17145129,0.117231275,0.107654512,0.11011039,0.060863819,0.028867593,-0.446421523,0.917411694,0.082588306,0.043064922,0.113011029,0
ND_2000,0.159236519,0.103519945,0.071474335,0.08051636,0.04418618,0.032779727,-0.996108838,0.986396919,0.013603081,0.023728167,0.006889156,0
OH_2000,0.126211206,0.086064854,0.078509378,0.08755364,0.046453405,0.027719616,0.088395676,0.878268518,0.121731482,0.012457136,0.188711118,0
OK_2000,0.15941842,0.107235291,0.089597796,0.087807453,0.051825139,0.024979435,-1.371072302,0.864789567,0.135210433,0.039884405,0.036089648,0
OR_2000,0.141931065,0.116318406,0.102508369,0.094674932,0.061492929,0.032418204,0.022156074,0.90368076,0.09631924,0.055368095,0.025699261,1
PA_2000,0.128473642,0.08910092,0.077576095,0.090842559,0.051125412,0.032184947,-0.018905721,0.942853053,0.057146947,0.021658868,0.202820369,1
RI_2000,0.14154296,0.090802736,0.075858473,0.092594738,0.048562872,0.029585031,0.130809299,0.853002957,0.146997043,0.051416475,0.516244523,1
SC_2000,0.168698403,0.110466331,0.101180623,0.110193688,0.065044445,0.031101546,-0.71780112,0.746433396,0.253566604,0.02498106,0.09337896,0
SD_2000,0.1552148,0.101578629,0.091168725,0.094624711,0.050413624,0.035145279,-0.909929763,0.955203493,0.044796507,0.006355731,0.006604494,0
TN_2000,0.151939687,0.107603314,0.097878739,0.105396061,0.054853121,0.027308051,-0.975155494,0.866560215,0.133439785,0.019990941,0.101551711,0
TX_2000,0.201523538,0.144282798,0.125299682,0.110535357,0.050340244,0.025859774,-0.412456829,0.792538556,0.207461444,0.260905763,0.055450289,0
UT_2000,0.273571757,0.152422245,0.134362123,0.100369088,0.050367913,0.02548554,0.744032559,0.996529431,0.003470569,0.074878174,0.017309363,0
VT_2000,0.14315322,0.089866582,0.076572709,0.089666084,0.054988689,0.029100506,-0.167944827,0.960132658,0.039867342,0.01465813,0.047480761,1
VA_2000,0.158489111,0.111549065,0.097537142,0.10478843,0.053325874,0.028199496,0.888509243,0.805398503,0.194601497,0.044068718,0.124851802,0
WA_2000,0.154632374,0.13567261,0.106783492,0.104021501,0.057133272,0.030399866,0.560183866,0.964742759,0.035257241,0.051450178,0.061144599,1
WV_2000,0.114810838,0.071630323,0.075224065,0.081481212,0.049126124,0.025995283,-1.916873109,0.947182025,0.052817975,0.006080347,0.057419197,0
WI_2000,0.141134333,0.094533514,0.082364151,0.098492742,0.050075091,0.02992502,0.502224214,0.98914193,0.01085807,0.030922797,0.060608599,1
WY_2000,0.143143923,0.116732985,0.084068347,0.096528935,0.053807708,0.022252819,-0.438817487,0.935332318,0.064667682,0.06592408,0.003165896,0
AL_1996,0.134672453,0.106119671,0.099154306,0.066960134,0.034306535,0.020157953,-1.061707087,0.801051874,0.198948126,0.019674182,0.060605015,0
AK_1996,0.200024864,0.126922764,0.088981491,0.069637896,0.019695035,0.008979674,1.958733928,0.967029105,0.032970895,0.029322604,5.14549E-05,0
AZ_1996,0.214109481,0.136870544,0.122883235,0.13016206,0.057455689,0.037379083,-0.446833726,0.967678627,0.032321373,0.159363849,0.029984993,1
AR_1996,0.152833171,0.09623764,0.090648515,0.096171307,0.055464232,0.027851309,-1.509629395,0.910466201,0.089533799,0.02073651,0.035744273,1
CA_1996,0.15591717,0.116385945,0.101550392,0.104107862,0.05055273,0.024914244,0.74371233,0.812168653,0.187831347,0.319716476,0.143896574,1
CO_1996,0.18840346,0.150484145,0.118966573,0.10149148,0.037877824,0.022235415,0.789877579,0.955986879,0.044013121,0.116874824,0.027929822,0
CT_1996,0.143414609,0.091455302,0.115065483,0.105316009,0.035122751,0.02987693,1.995347746,0.847341715,0.152658285,0.058359255,0.452250998,1
DE_1996,0.157657169,0.105372424,0.117559298,0.105782933,0.050635475,0.03262733,0.944690354,0.92075729,0.07924271,0.034556903,0.22181092,1
DC_1996,0.173513646,0.147779033,0.082939102,0.070517331,0.035885887,0.022098578,-0.102982216,0.538836839,0.461163161,0.175867464,1.0004232,1
FL_1996,0.16554247,0.12390211,0.115971205,0.097728897,0.058750092,0.023082375,-0.785113569,0.989185549,0.010814451,0.092605251,0.174418723,1
GA_1996,0.195514128,0.129751272,0.121650452,0.093454074,0.035886445,0.026662829,-0.236901236,0.848589508,0.151410492,0.039779125,0.09452319,0
HI_1996,0.099531293,0.101520476,0.085805614,0.075675727,0.043539388,0.017752129,1.735867208,0.276983591,0.723016409,0.052253955,0.087021141,1
ID_1996,0.239061543,0.145666711,0.131709925,0.096295969,0.054704242,0.022100538,-0.333211497,0.986180569,0.013819431,0.027092023,0.009438605,0
IL_1996,0.128831725,0.092133826,0.082018321,0.093934643,0.044626491,0.027117046,0.902703856,0.93801019,0.06198981,0.0949258,0.155793009,1
IN_1996,0.157406661,0.099565433,0.088774323,0.095233045,0.05120703,0.027008242,0.109139144,0.977523676,0.022476324,0.02276932,0.119401047,0
IA_1996,0.153515304,0.094252253,0.080873767,0.090911264,0.051065043,0.03126944,-0.245258738,0.980130524,0.019869476,0.013507869,0.037368218,1
KS_1996,0.159494351,0.102664978,0.080909228,0.085568353,0.046126638,0.030206618,-0.267346422,0.947037727,0.052962273,0.049724532,0.022831945,0
KY_1996,0.133140811,0.084470924,0.081861819,0.099245265,0.04719051,0.02425339,-0.860331086,0.927675812,0.072324188,0.00909425,0.079765312,1
LA_1996,0.133887061,0.099038296,0.0774241,0.078945701,0.046603766,0.02254171,-1.200401822,0.711330295,0.288669705,0.025544762,0.060350094,1
ME_1996,0.116251983,0.093624246,0.079594838,0.113493071,0.062318841,0.035086216,-0.388331213,0.990117479,0.009882521,0.000262351,0.026167429,1
MD_1996,0.141936538,0.109440481,0.094755177,0.112297893,0.052946162,0.029689412,1.839142054,0.797956541,0.202043459,0.029233562,0.306168733,1
MA_1996,0.152401902,0.095852898,0.083983389,0.104983126,0.040610862,0.031601717,1.140693674,0.950211799,0.049788201,0.028036813,0.444344191,1
MI_1996,0.130942848,0.081104015,0.074461609,0.110947531,0.047245523,0.028409556,0.659142369,0.840924691,0.159075309,0.015840136,0.074350768,1
MN_1996,0.14694132,0.112066696,0.08823999,0.103221494,0.053715889,0.033957255,0.962599286,0.958586555,0.041413445,0.017277502,0.03966185,1
MS_1996,0.147059215,0.088807261,0.084344082,0.089610998,0.046987317,0.023871134,-1.60235787,0.720046263,0.279953737,0.025257839,0.041363525,0
MO_1996,0.143704634,0.098357563,0.082986089,0.093741609,0.052375552,0.029556412,-0.39927556,0.967612124,0.032387876,0.013938605,0.057659658,1
MT_1996,0.164373184,0.076028374,0.093665271,0.093710853,0.030360424,0.032966428,-1.241592367,0.986251676,0.013748324,6.44428E-05,0.003753401,0
NE_1996,0.160119405,0.11143805,0.086156773,0.098748986,0.050192388,0.030607237,-0.276897853,0.961563344,0.038436656,0.031029932,0.01518979,0
NV_1996,0.20183027,0.167993796,0.146717826,0.128454083,0.071479027,0.019580949,0.648595998,0.775370001,0.224629999,0.109966886,0.011738308,1
NH_1996,0.135191806,0.073079543,0.115628853,0.103469012,0.030556134,0.033861296,1.034632994,1.056337521,-0.056337521,0.000318692,0.094501234,1
NJ_1996,0.129703822,0.097636704,0.091761606,0.105383252,0.039474802,0.030917153,2.371634323,0.663919833,0.336080167,0.097143723,0.707526842,1
NM_1996,0.165235527,0.108565291,0.090146964,0.128830577,0.040625884,0.030389119,-1.57987221,0.830956021,0.169043979,0.370600358,0.009700913,1
NY_1996,0.128457571,0.090358668,0.07942078,0.095899212,0.047612504,0.03187303,0.147742843,0.83071212,0.16928788,0.166125879,0.256712777,1
NC_1996,0.186827825,0.124622275,0.11514998,0.132779383,0.038326639,0.026110301,-0.092833821,0.920350923,0.079649077,0.03260946,0.105289377,0
ND_1996,0.1507882,0.084183315,0.06990206,0.084608631,0.042808647,0.033240986,-0.826901079,0.981069533,0.018930467,0.027867957,0.006679449,0
OH_1996,0.135893396,0.084526042,0.076816899,0.099273439,0.047357395,0.02847604,-0.150341394,0.908208833,0.091791167,0.00773495,0.185454794,1
OK_1996,0.166876186,0.110501859,0.091354105,0.079794976,0.054976177,0.025805227,-1.453713727,0.898126844,0.101873156,0.027171675,0.034656693,0
OR_1996,0.150748319,0.123053168,0.106819409,0.102165089,0.050894609,0.034271862,0.037901389,0.983175298,0.016824702,0.038640898,0.024245699,1
PA_1996,0.131677102,0.088247051,0.07600297,0.106127926,0.03861809,0.032975509,0.030936804,0.973740642,0.026259358,0.011601052,0.198479575,1
RI_1996,0.145365762,0.088829422,0.074376736,0.08829114,0.036032795,0.034358853,0.288228472,0.901581702,0.098418298,0.031711121,0.503746588,1
SC_1996,0.182707491,0.11694156,0.107290361,0.12212483,0.047302923,0.030068613,-0.442853964,0.7555766,0.2444234,0.017769117,0.086869703,0
SD_1996,0.162408302,0.101982427,0.092818305,0.066694765,0.05261729,0.035988214,-1.023501363,0.975112392,0.024887608,0.001309974,0.00625937,0
TN_1996,0.161658374,0.11174559,0.108571478,0.114544605,0.039569643,0.02928485,-0.767403624,0.884420321,0.115579679,0.013289498,0.096304745,1
TX_1996,0.224810734,0.159099592,0.138723385,0.101245741,0.03005354,0.028841193,-0.433899497,0.78609076,0.21390924,0.221772478,0.050869162,0
UT_1996,0.305538953,0.172048871,0.151749875,0.096554452,0.034698661,0.017284141,0.27987097,0.924998442,0.075001558,0.054000762,0.01551943,0
VT_1996,0.149284583,0.078136605,0.074577416,0.096628278,0.05785527,0.029900763,-0.318685363,0.943484249,0.056515751,0.015187512,0.045955005,1
VA_1996,0.169570493,0.115189066,0.101011222,0.113382099,0.03799736,0.030124359,0.707695476,0.878893173,0.121106827,0.03326264,0.118581897,0
WA_1996,0.167289254,0.146166944,0.113178711,0.115386177,0.046589361,0.033506715,0.575766338,0.865616381,0.134383619,0.034284195,0.056828367,1
WV_1996,0.113402563,0.068656356,0.072106399,0.094983036,0.049696486,0.025895692,-1.82940334,0.964625351,0.035374649,0.004515718,0.057223004,1
WI_1996,0.146058017,0.094782736,0.081878048,0.104815619,0.052233495,0.031035201,0.725206433,0.915961195,0.084038805,0.024414345,0.058691924,1
WY_1996,0.147812432,0.118173861,0.082139629,0.110825715,0.055667426,0.024038076,-0.752280525,0.988663557,0.011336443,0.059368672,0.003000067,0
AL_1992,0.136257768,0.111197398,0.103442511,0.06488324,0.03278047,0.019907409,-1.180957035,0.823134081,0.176865919,0.016526322,0.05870741,0
AK_1992,0.17115755,0.131508039,0.087539794,0.120495394,0.019912078,0.014131313,1.716078871,0.832553041,0.167446959,0.022022794,2.51791E-05,0
AZ_1992,0.244792976,0.152136199,0.137719798,0.119339444,0.066134527,0.021785947,-0.389062116,0.927854783,0.072145217,0.118833111,0.027778479,0
AR_1992,0.160256161,0.097949616,0.092656513,0.103547926,0.060234124,0.02932443,-1.576571859,0.972849904,0.027150096,0.01166777,0.034699527,1
CA_1992,0.164147393,0.120456303,0.105867049,0.117325804,0.056183453,0.028925229,0.811309544,0.791551597,0.208448403,0.352652226,0.138512241,1
CO_1992,0.209635887,0.165898774,0.127947344,0.096295447,0.041645677,0.027659645,0.359811908,0.901528872,0.098471128,0.093921141,0.026108693,1
CT_1992,0.152890932,0.089991225,0.123319588,0.114583766,0.045348622,0.035487162,2.474266698,0.903241223,0.096758777,0.040606109,0.442695348,1
DE_1992,0.171055074,0.109702211,0.13366925,0.095133298,0.049369344,0.033807226,1.019317786,0.998291076,0.001708924,0.022985316,0.209576508,1
DC_1992,0.187753497,0.161437708,0.08455907,0.086244259,0.037366599,0.023122801,0.13095849,0.606936361,0.393063639,0.088396889,1.0004232,1
FL_1992,0.186922416,0.134967066,0.127850606,0.112420642,0.067066585,0.039584802,-0.551388378,0.847392245,0.152607755,0.048107012,0.163239549,0
GA_1992,0.21672582,0.138673809,0.132634138,0.121927885,0.039366553,0.028199973,-0.025602085,0.84670829,0.15329171,0.028100768,0.089075336,1
HI_1992,0.175281167,0.104508432,0.086717045,0.097214575,0.048113053,0.040314765,1.900359095,0.282982539,0.717017461,0.102948989,0.084738306,1
ID_1992,0.275476174,0.164929842,0.147201744,0.132727916,0.03571763,0.029389883,-0.498831924,0.968896116,0.031103884,0.00159722,0.008631423,0
IL_1992,0.129641587,0.090746726,0.080871358,0.08639533,0.046977608,0.028545671,0.631907978,0.981506484,0.018493516,0.083394978,0.153798646,1
IN_1992,0.164892324,0.100873974,0.089441512,0.086406578,0.05552991,0.028889571,-0.016066526,0.915704925,0.084295075,0.014959165,0.116120226,0
IA_1992,0.159612361,0.095245949,0.079933719,0.076471494,0.053697331,0.032079641,-0.468672947,0.966421894,0.033578106,0.006049904,0.03652242,1
KS_1992,0.166057167,0.104310532,0.079944922,0.084116747,0.048467955,0.03146367,-0.314329944,0.973941514,0.026058486,0.039237179,0.022297258,0
KY_1992,0.194744859,0.083329512,0.081394301,0.070689499,0.050706973,0.025716729,-1.228856588,0.929473329,0.070526671,0.005315593,0.078838653,1
LA_1992,0.133652447,0.099291053,0.075510357,0.077458352,0.049856504,0.023626882,-1.255689208,0.757763955,0.242236045,0.021287823,0.059433946,1
ME_1992,0.120202164,0.084770151,0.07788017,0.116831675,0.068669238,0.038129275,-0.45736333,0.972211601,0.027788399,0.000269726,0.025436088,1
MD_1992,0.150793566,0.111402255,0.09643269,0.125112618,0.058877872,0.02210522,1.897698009,0.847757344,0.152242656,0.015759903,0.2955898,1
MA_1992,0.162238595,0.095716071,0.084071431,0.116072391,0.03799506,0.033721167,1.47170245,0.955690287,0.044309713,0.011555245,0.432296612,1
MI_1992,0.132966222,0.078490765,0.071760313,0.078321219,0.050005803,0.030506771,0.412590119,0.86796187,0.13203813,0.010492522,0.073349043,1
MN_1992,0.154076906,0.115163962,0.088892643,0.11500037,0.05952671,0.037023042,0.500627723,0.93475767,0.06524233,0.010954138,0.038274086,1
MS_1992,0.148708777,0.087971556,0.084076501,0.085616593,0.050320189,0.024726114,-1.800546619,0.742131006,0.257868994,0.026129977,0.040688978,0
MO_1992,0.149293525,0.099250033,0.082863113,0.087923006,0.056355648,0.031255999,-0.513689656,0.986224849,0.013775151,0.009456347,0.056196965,1
MT_1992,0.177776677,0.092838858,0.095106443,0.121419016,0.047006557,0.036365588,-1.043689336,0.949529367,0.050470633,6.77138E-05,0.00354418,1
NE_1992,0.167902778,0.115723032,0.086521593,0.086289822,0.053759002,0.031988611,-0.490848666,0.941222886,0.058777114,0.017957168,0.014721695,0
NV_1992,0.235534678,0.193308466,0.169495956,0.195715533,0.047564705,0.034055212,0.53477833,0.873726571,0.126273429,0.05668711,0.010678816,1
NH_1992,0.143605542,0.116586193,0.151501724,0.111329865,0.025955457,0.038052259,1.168560374,0.964074485,0.035925515,0.000330859,0.09100485,1
NJ_1992,0.135977371,0.097102047,0.092793268,0.115532213,0.041812215,0.033413175,2.226785676,0.788005357,0.211994643,0.07846565,0.690512808,1
NM_1992,0.176127968,0.112650197,0.091695032,0.104084198,0.052589638,0.034230585,-0.956317004,0.99368764,0.00631236,0.346706204,0.009278054,1
NY_1992,0.1310278,0.088862023,0.078334973,0.103312877,0.050459936,0.034296559,0.441640311,0.869688143,0.130311857,0.165950965,0.252451106,1
NC_1992,0.206842734,0.133738433,0.124586831,0.102429185,0.038257966,0.023948432,-0.476877963,0.849696904,0.150303096,0.020758485,0.099347502,0
ND_1992,0.143952778,0.088172648,0.068344283,0.089310489,0.044783002,0.034773999,-0.849651796,0.995917748,0.004082252,0.036301101,0.006515051,0
OH_1992,0.139314496,0.082779824,0.074647235,0.090190561,0.04954394,0.030263453,0.005000407,0.906468773,0.093531227,0.002870476,0.182745664,1
OK_1992,0.176372377,0.115120182,0.093266533,0.109153186,0.060176373,0.027094191,-1.147028186,0.881239153,0.118760847,0.01357166,0.033525932,0
OR_1992,0.161151096,0.132725994,0.111419011,0.122289789,0.044042586,0.038199758,-0.089024641,0.943428029,0.056571971,0.020073468,0.023046602,1
PA_1992,0.136226304,0.087624135,0.074111536,0.100708992,0.042019045,0.034878313,0.040703314,0.906230877,0.093769123,0.001168255,0.194904845,1
RI_1992,0.15062206,0.087676877,0.072659099,0.08212663,0.038505745,0.032135083,0.519033569,0.884362193,0.115637807,0.011189614,0.493786466,1
SC_1992,0.201312614,0.124875428,0.114450434,0.140225284,0.048272146,0.024089998,-0.694421764,0.763074567,0.236925433,0.009588446,0.08186029,0
SD_1992,0.171525865,0.105359479,0.095050812,0.10525078,0.056612686,0.038420339,-1.030162147,0.995049231,0.004950769,0.001363685,0.005990077,0
TN_1992,0.17411199,0.117016921,0.114700066,0.12884962,0.046399133,0.032526976,-0.906865151,0.90210168,0.09789832,0.00593327,0.092067687,1
TX_1992,0.255337532,0.178484567,0.156403293,0.121784842,0.03868499,0.033660161,-0.481313107,0.789314658,0.210685342,0.175220318,0.047249114,0
UT_1992,0.34868615,0.201444009,0.177676725,0.121733546,0.042446429,0.029915387,0.328544145,0.960763937,0.039236063,0.028730018,0.01418343,0
VT_1992,0.157420356,0.087643035,0.071662637,0.100812683,0.064142044,0.032119246,-0.054874034,0.951808454,0.048191546,0.019521392,0.044753616,1
VA_1992,0.183932903,0.119545077,0.104963273,0.127615294,0.02995933,0.020213791,0.875175614,0.893538187,0.106461813,0.021413116,0.113529925,0
WA_1992,0.183179546,0.160653789,0.120445013,0.13265797,0.050697434,0.03843772,0.644769895,0.91517957,0.08482043,0.014786416,0.053470497,1
WV_1992,0.112349599,0.065673058,0.068467,0.100093227,0.051170926,0.02648907,-1.604069751,0.955903688,0.044096312,0.002943708,0.057074527,1
WI_1992,0.151981298,0.094831327,0.081059324,0.116054092,0.056485609,0.033050688,0.248268043,0.952551562,0.047448438,0.017527715,0.057117766,1
WY_1992,0.154137773,0.125315673,0.080628198,0.129065131,0.062590988,0.022042177,-0.257116589,0.961997938,0.038002062,0.05221016,0.00286672,0
AL_1988,0.137861824,0.116518428,0.107915984,0.062871074,0.031322019,0.019660071,-1.403144527,0.845809853,0.154190147,0.013156464,0.056868638,0
AK_1988,0.198357092,0.136259845,0.0861212,0.114696348,0.031519885,0.015408449,1.076247057,0.899791073,0.100208927,0.014031114,0,0
AZ_1988,0.279874111,0.169104718,0.154347571,0.161318263,0.055025548,0.040402581,0.314071082,0.947766705,0.052233295,0.071029703,0.02573127,0
AR_1988,0.168039753,0.099692347,0.09470891,0.111490856,0.06541481,0.030875768,-1.70558479,0.993824407,0.006175593,0.002043698,0.033684823,0
CA_1988,0.17281204,0.124668986,0.110367193,0.132221954,0.062441284,0.023439297,1.255634561,0.794132118,0.205867882,0.524525703,0.133328573,0
CO_1988,0.233261415,0.182892359,0.137605977,0.127067242,0.038687835,0.025561571,-0.098387627,0.928757875,0.071242125,0.067290004,0.024403903,0
CT_1988,0.162992912,0.088550489,0.110606332,0.124666952,0.041587974,0.034685223,2.492568846,0.875291469,0.124708531,0.022060837,0.433341596,0
DE_1988,0.185591478,0.114211075,0.127382266,0.110837274,0.051307702,0.029126882,0.636173276,0.876918323,0.123081677,0.009949271,0.19801573,0
DC_1988,0.171171641,0.176363099,0.086208994,0.070306894,0.038909868,0.024192047,0.258399098,0.601476748,0.398523252,0.162846935,1.0004232,1
FL_1988,0.211063605,0.147020297,0.140946975,0.155027597,0.060118971,0.046414364,-0.319970961,0.918288897,0.081711103,0.00533777,0.152774523,0
GA_1988,0.240238959,0.148210007,0.144609551,0.117777639,0.044975297,0.022163777,-0.279984337,0.91744165,0.08255835,0.014856238,0.083939548,0
HI_1988,0.156483687,0.10758467,0.087637829,0.097175419,0.029610055,0.024188341,1.588561864,0.302709094,0.697290906,0.031324728,0.082514988,1
ID_1988,0.318322067,0.187260875,0.164973082,0.118387323,0.055864892,0.025827227,-0.726906655,0.977538342,0.022461658,0.000713561,0.007865768,0
IL_1988,0.130456424,0.089380534,0.079740495,0.087396684,0.049452675,0.030049663,0.835664553,0.89092279,0.10907721,0.07155038,0.151829726,0
IN_1988,0.172733806,0.102199677,0.090113827,0.092457046,0.060217861,0.030901828,-0.150083041,0.946614301,0.053385699,0.006691869,0.112929116,0
IA_1988,0.165951178,0.096250134,0.079004848,0.083258057,0.056465732,0.032911004,-0.471080632,0.973276209,0.026723791,0.000184389,0.035695496,1
KS_1988,0.172890695,0.10598284,0.078991971,0.091614924,0.050928325,0.032772761,-0.300088109,0.99182654,0.00817346,0.028232917,0.021774798,0
KY_1988,0.144836844,0.082203595,0.080929326,0.077081905,0.054485881,0.027268659,-1.036637297,0.955137405,0.044862595,0.001447516,0.077922695,0
LA_1988,0.133417935,0.099544284,0.073643643,0.09922032,0.053336071,0.024764504,-1.185316843,0.741864928,0.258135072,0.016894956,0.058531578,0
ME_1988,0.124287019,0.088028858,0.07620185,0.107900066,0.075667359,0.041436461,-0.295669698,0.98116454,0.01883546,0.000277309,0.024724749,0
MD_1988,0.160203477,0.113399208,0.098139867,0.139389666,0.065473888,0.032602209,1.761100831,0.90009715,0.09990285,0.001286402,0.285375814,0
MA_1988,0.172710186,0.095579366,0.084159234,0.128332917,0.039477489,0.035982987,1.626560202,0.998702145,0.001297855,0.003005582,0.420575207,1
MI_1988,0.135020793,0.07596179,0.069157026,0.082588041,0.05292728,0.032758763,0.679031867,0.866216592,0.133783408,0.004996933,0.072360721,0
MN_1988,0.161559001,0.118347171,0.089550232,0.128123464,0.065966498,0.040365808,0.493458587,0.946672112,0.053327888,0.004156997,0.036934187,1
MS_1988,0.150377038,0.087143336,0.083810209,0.100737991,0.053889445,0.025612337,-1.88298401,0.764745317,0.235254683,0.026689953,0.040025282,0
MO_1988,0.155099845,0.100150402,0.082740431,0.09093171,0.060638091,0.033053104,-0.407897349,0.937769639,0.062230361,0.00473414,0.054771034,0
MT_1988,0.192273385,0.109611934,0.096572273,0.12097348,0.049076603,0.040115091,-1.142458252,0.967890522,0.032109478,7.11507E-05,0.003345069,0
NE_1988,0.17606481,0.120172852,0.08688735,0.080958516,0.057578811,0.03343283,-0.732208749,0.951393115,0.048606885,0.004054551,0.014267499,0
NV_1988,0.27684131,0.224036074,0.197216476,0.084285605,0.060982635,0.030451436,0.85355912,0.824548286,0.175451714,0.009878992,0.009637113,0
NH_1988,0.15254371,0.118818539,0.137924129,0.12993646,0.04409057,0.042761517,0.989204351,0.964074485,0.035925515,0.00034349,0.087636951,0
NJ_1988,0.142554374,0.096570195,0.09383662,0.1266584,0.043628476,0.036110678,2.155002211,0.726146257,0.273853743,0.058808858,0.673907529,0
NM_1988,0.187738746,0.116890041,0.093270031,0.111171026,0.062649563,0.038557397,-1.074856556,0.813690236,0.186309764,0.320079273,0.008872599,0
NY_1988,0.133649423,0.087390129,0.077264092,0.111299689,0.053477672,0.036904396,0.717030206,0.909741367,0.090258633,0.203995908,0.248260021,1
NC_1988,0.229001885,0.143521344,0.134796973,0.122977334,0.055358278,0.034099413,-0.445453846,0.885023913,0.114976087,0.007382616,0.093739133,0
ND_1988,0.137424428,0.073868464,0.066821895,0.072495915,0.046848448,0.036378676,-1.009905908,0.967173188,0.032826812,0.02810866,0.006354363,0
OH_1988,0.142821631,0.081069602,0.072538829,0.101496708,0.051831496,0.032163115,0.095359715,0.91712135,0.08287865,0.000386656,0.180075971,0
OK_1988,0.186408978,0.119931523,0.095219234,0.110955845,0.06586878,0.028447636,-1.131633144,0.955941132,0.044058868,0.002785675,0.03243146,0
OR_1988,0.17227219,0.143158287,0.116216206,0.135594248,0.042877973,0.042577928,-0.118270478,0.963301664,0.036698336,-0.000479258,0.021905431,1
PA_1988,0.140932717,0.087005645,0.07226726,0.096287546,0.044941472,0.036890969,0.142194877,0.93998576,0.06001424,0.001189619,0.191394321,0
RI_1988,0.156068506,0.086539387,0.070979732,0.075855661,0.043926146,0.037836248,0.618941472,0.901004064,0.098995936,0.000621691,0.484023305,1
SC_1988,0.221811964,0.133346956,0.122088154,0.16100904,0.045941899,0.029283184,-0.795392032,0.76869394,0.23130606,0.000347953,0.077137829,0
SD_1988,0.181157199,0.108846155,0.097337122,0.095534849,0.060911053,0.041016103,-1.457932829,0.952593782,0.047406218,0.001419598,0.00573139,0
TN_1988,0.187525285,0.122536938,0.121174725,0.144941194,0.040287285,0.036127724,-0.994662389,0.919550365,0.080449635,0.002040504,0.088015942,0
TX_1988,0.290009509,0.200231445,0.176336416,0.101410832,0.040134317,0.039284294,-0.477266408,0.787702709,0.212297291,0.120350564,0.043883793,0
UT_1988,0.399928914,0.237049125,0.209081327,0.117476656,0.061982285,0.023137975,0.206924604,0.94288119,0.05711881,0.006698895,0.012890536,0
VT_1988,0.166002716,0.09469672,0.068863913,0.103430231,0.071115061,0.034502673,-0.087783439,0.947646352,0.052353648,0.025250573,0.043583249,0
VA_1988,0.199511838,0.124065956,0.109070069,0.143635074,0.03000955,0.034030026,0.963798485,0.974198105,0.025801895,0.008449361,0.108692124,0
WA_1988,0.200579004,0.17657681,0.128177885,0.152515297,0.031891554,0.044094058,0.474238497,0.890397976,0.109602024,0.004219614,0.050309042,1
WV_1988,0.111306283,0.062819789,0.065010985,0.101121174,0.052688561,0.027096112,-1.162562024,0.96026452,0.03973548,0.001362852,0.056926422,1
WI_1988,0.158144905,0.094879759,0.080248711,0.128497481,0.061084068,0.035197405,0.154566429,0.934256379,0.065743621,0.010247122,0.055585422,1
WY_1988,0.160731149,0.132888735,0.079141952,0.13781717,0.070371376,0.022327628,0.505830139,0.961997938,0.038002062,0.044408372,0.002738347,0
,,,,,,,,,,,,
,,,,,,,,,,,,
,,,,,,,,,,,,
,,,,,,,,,,,,
,,,,,,,,,,,,
,,,,,,,,,,,,
,,,,,,,,,,,,
,,,,,,,,,,,,
,,,,,,,,,,,,
,,,,,,,,,,,,
,,,,,,,,,,,,
,,,,,,,,,,,,
,,,,,,,,,,,,
,,,,,,,,,,,,
,,,,,,,,,,,,
,,,,,,,,,,,,
,,,,,,,,,,,,
,,,,,,,,,,,,
,,,,,,,,,,,,
,,,,,,,,,,,,
,,,,,,,,,,,,
,,,,,,,,,,,,
,,,,,,,,,,,,
,,,,,,,,,,,,
,,,,,,,,,,,,
,,,,,,,,,,,,
,,,,,,,,,,,,
,,,,,,,,,,,,
,,,,,,,,,,,,
,,,,,,,,,,,,
,,,,,,,,,,,,
,,,,,,,,,,,,
,,,,,,,,,,,,
,,,,,,,,,,,,
,,,,,,,,,,,,
,,,,,,,,,,,,
,,,,,,,,,,,,
,,,,,,,,,,,,
,,,,,,,,,,,,
,,,,,,,,,,,,
,,,,,,,,,,,,
,,,,,,,,,,,,
,,,,,,,,,,,,
,,,,,,,,,,,,
,,,,,,,,,,,,
,,,,,,,,,,,,
,,,,,,,,,,,,
,,,,,,,,,,,,
,,,,,,,,,,,,
,,,,,,,,,,,,
,,,,,,,,,,,,
,,,,,,,,,,,,
,,,,,,,,,,,,
,,,,,,,,,,,,
,,,,,,,,,,,,
,,,,,,,,,,,,
,,,,,,,,,,,,
,,,,,,,,,,,,
,,,,,,,,,,,,
,,,,,,,,,,,,
